{
  "model_id": "vn_emotion",
  "model_name": "VN Emotion (Merged)",
  "model_type": "merged",
  "has_emotion": true,
  "checkpoint_path": "../checkpoints/13_11_2025_dating_sim_vn__emotion",
  "evaluation_timestamp": "2025-11-20T14:48:15.678830",
  "num_test_prompts": 70,
  "model_info": {
    "disk_size_mb": 42.50972080230713,
    "disk_size_gb": 0.041513399221003056,
    "total_parameters": 8037076992,
    "trainable_parameters": 0,
    "trainable_percent": 0.0,
    "gpu_memory_allocated_gb": 14.98291826248169,
    "gpu_memory_reserved_gb": 16.09765625
  },
  "reference_free_metrics": {
    "distinct_1": 0.3207683943457775,
    "distinct_2": 0.7980661956117516,
    "distinct_3": 0.9297441771668575,
    "mean_repetition": 0.001072974644403216,
    "repetition_per_sample": [
      0.0,
      0.0,
      0.0,
      0.0,
      0.0,
      0.0,
      0.0,
      0.0,
      0.0,
      0.0,
      0.0,
      0.0,
      0.0,
      0.0,
      0.0,
      0.0,
      0.0,
      0.02857142857142858,
      0.0,
      0.0,
      0.0,
      0.0,
      0.0,
      0.0,
      0.0,
      0.0,
      0.0,
      0.0,
      0.0,
      0.0,
      0.0,
      0.0,
      0.0,
      0.0,
      0.0,
      0.0,
      0.0,
      0.0,
      0.022727272727272707,
      0.0,
      0.0,
      0.0,
      0.0,
      0.0,
      0.0,
      0.0,
      0.0,
      0.0,
      0.0,
      0.0,
      0.0,
      0.0,
      0.0,
      0.0,
      0.0,
      0.0,
      0.0,
      0.0,
      0.0,
      0.0,
      0.023809523809523836,
      0.0,
      0.0,
      0.0,
      0.0,
      0.0,
      0.0,
      0.0,
      0.0,
      0.0
    ],
    "mean_length": 39.41428571428571,
    "std_length": 4.17644023795678,
    "min_length": 23,
    "max_length": 45,
    "mean_perplexity": 14.98593071912119,
    "std_perplexity": 5.310880753419234,
    "perplexities": [
      18.077871228803513,
      7.334363548111158,
      13.315105406267334,
      18.858869749047464,
      24.4571133985533,
      14.748214948973779,
      20.037921295057924,
      12.679537472803588,
      11.431890369786345,
      17.00362767508806,
      17.964086439497574,
      10.793186673502355,
      10.093448489787432,
      13.516896384566666,
      15.790266280842753,
      22.01859831231111,
      16.15621432841658,
      12.464045370838248,
      13.219722744234211,
      10.847490713319791,
      18.411268829039756,
      17.679246938499045,
      33.72743160806817,
      14.400765850589535,
      16.498156441980456,
      10.43186022958911,
      15.740425279586741,
      13.369418461706125,
      10.5615462848165,
      17.262174390733524,
      13.24694154290839,
      9.650016905414747,
      16.852558214764365,
      23.704268469163747,
      9.023729437791621,
      13.753876676545072,
      9.276855214498301,
      30.790825377912878,
      19.520056218244058,
      10.472372276689114,
      15.55325725226293,
      24.059451797817324,
      10.78787926872897,
      16.93079219493318,
      13.67603364322236,
      12.062642238180203,
      13.87121151604657,
      11.946196701377836,
      9.701925040999392,
      28.909294728795622,
      9.60733385997388,
      11.531412077883509,
      15.323553636525562,
      13.863319584041985,
      8.485334166209842,
      8.989775151545912,
      17.286115093962064,
      7.800214993739339,
      10.947903156890415,
      5.9976788593994605,
      12.924924900088373,
      15.258416817658656,
      21.116556714471646,
      12.458569804566796,
      16.28253311311007,
      17.588544683853318,
      17.41173000579344,
      11.382085720382005,
      12.247431695224224,
      19.830766442448134
    ]
  },
  "performance_metrics": {
    "mean_inference_time": 2.421070112500872,
    "median_inference_time": 2.423388719558716,
    "std_inference_time": 0.15330630380685387,
    "mean_tokens_per_second": 20.401194678110635,
    "total_generation_time": 169.47490787506104
  },
  "emotion_metrics": {
    "overall_appropriateness": 0.2805680839002268,
    "keyword_score": 0.28968253968253976,
    "length_score": 0.2593010204081633,
    "per_emotion": {
      "anger": {
        "count": 3,
        "appropriateness": 0.3017460317460317,
        "keyword_score": 0.05555555555555555,
        "length_score": 0.8761904761904762
      },
      "neutral": {
        "count": 30,
        "appropriateness": 0.4266666666666666,
        "keyword_score": 0.5,
        "length_score": 0.2555555555555556
      },
      "surprise": {
        "count": 4,
        "appropriateness": 0.4425,
        "keyword_score": 0.5,
        "length_score": 0.30833333333333335
      },
      "sadness": {
        "count": 6,
        "appropriateness": 0.32090277777777776,
        "keyword_score": 0.1111111111111111,
        "length_score": 0.8104166666666667
      },
      "joy": {
        "count": 27,
        "appropriateness": 0.08293004115226338,
        "keyword_score": 0.0905349794238683,
        "length_score": 0.06518518518518518
      }
    }
  },
  "character_metrics": {}
}