{
  "model_id": "vn_no_emotion",
  "model_name": "VN No Emotion (Merged)",
  "model_type": "merged",
  "has_emotion": false,
  "checkpoint_path": "../checkpoints/13_11_2025_dating_sim_vn__no_emotion",
  "evaluation_timestamp": "2025-11-20T14:51:21.875629",
  "num_test_prompts": 70,
  "model_info": {
    "disk_size_mb": 42.50972080230713,
    "disk_size_gb": 0.041513399221003056,
    "total_parameters": 8037076992,
    "trainable_parameters": 0,
    "trainable_percent": 0.0,
    "gpu_memory_allocated_gb": 14.99085283279419,
    "gpu_memory_reserved_gb": 16.09765625
  },
  "reference_free_metrics": {
    "distinct_1": 0.3385185185185185,
    "distinct_2": 0.7931558935361217,
    "distinct_3": 0.92578125,
    "mean_repetition": 0.00035714285714285747,
    "repetition_per_sample": [
      0.0,
      0.0,
      0.0,
      0.0,
      0.0,
      0.0,
      0.0,
      0.0,
      0.0,
      0.0,
      0.0,
      0.0,
      0.0,
      0.0,
      0.0,
      0.0,
      0.0,
      0.0,
      0.0,
      0.0,
      0.0,
      0.0,
      0.0,
      0.0,
      0.0,
      0.0,
      0.0,
      0.0,
      0.0,
      0.0,
      0.0,
      0.0,
      0.0,
      0.0,
      0.0,
      0.0,
      0.0,
      0.025000000000000022,
      0.0,
      0.0,
      0.0,
      0.0,
      0.0,
      0.0,
      0.0,
      0.0,
      0.0,
      0.0,
      0.0,
      0.0,
      0.0,
      0.0,
      0.0,
      0.0,
      0.0,
      0.0,
      0.0,
      0.0,
      0.0,
      0.0,
      0.0,
      0.0,
      0.0,
      0.0,
      0.0,
      0.0,
      0.0,
      0.0,
      0.0,
      0.0
    ],
    "mean_length": 38.57142857142857,
    "std_length": 3.724710644836066,
    "min_length": 27,
    "max_length": 46,
    "mean_perplexity": 23.986707147571998,
    "std_perplexity": 11.052485965020212,
    "perplexities": [
      34.74740048518685,
      12.36076766945919,
      19.70419159948626,
      29.71963072301314,
      29.32361526743393,
      22.514205623348573,
      31.128897804355816,
      17.347627992843925,
      19.89427069658069,
      13.576589362632493,
      34.90285650317557,
      71.0012652060305,
      14.947428808789143,
      9.225789276313833,
      28.849515822193613,
      26.30951342914297,
      14.380042977940885,
      20.140904177880913,
      53.015137098613486,
      14.34346666347395,
      12.961381559205133,
      29.570314324987816,
      21.69971480952811,
      9.09213595108589,
      12.44906829513247,
      26.60320264110105,
      44.87487534260653,
      20.427975465667604,
      14.517564325020773,
      20.683113976037195,
      13.364985359649781,
      15.143028546930893,
      16.682489975845225,
      47.68096360000581,
      21.80354336823531,
      19.602469549542448,
      11.390593636568353,
      23.074148608356527,
      15.625884239107169,
      20.767818242949023,
      23.875270540687943,
      35.48740575181816,
      25.061242681044785,
      23.690239853125494,
      33.22639319427016,
      16.119158838115,
      20.430556945473203,
      24.520461977542105,
      25.356487405991988,
      28.350091038241164,
      20.172112296878673,
      32.80941456719366,
      28.155589746885227,
      28.391000097256264,
      19.03935077358014,
      16.25146749820768,
      18.860902188386532,
      15.784210051752524,
      14.667132443381043,
      14.835913213108926,
      16.955635588918543,
      14.125930645298176,
      39.209426079722626,
      20.158299603657127,
      33.98114159434868,
      48.110013367161685,
      26.863638139173144,
      24.92742514620483,
      15.645962676953497,
      38.55923738020193
    ]
  },
  "performance_metrics": {
    "mean_inference_time": 2.42482601915087,
    "median_inference_time": 2.422548532485962,
    "std_inference_time": 0.10967014819238846,
    "mean_tokens_per_second": 20.420614434333938,
    "total_generation_time": 169.7378213405609
  },
  "emotion_metrics": {},
  "character_metrics": {}
}