{
  "model_id": "vn_split",
  "model_name": "VN Split (4 Characters)",
  "model_type": "split",
  "has_emotion": true,
  "checkpoint_path": "../checkpoints/13_11_2025_dating_sim_vn__split",
  "evaluation_timestamp": "2025-11-20T14:54:31.541472",
  "num_test_prompts": 70,
  "model_info": {
    "disk_size_mb": 42.50972080230713,
    "disk_size_gb": 0.041513399221003056,
    "total_parameters": 8037076992,
    "trainable_parameters": 0,
    "trainable_percent": 0.0,
    "gpu_memory_allocated_gb": 14.99085283279419,
    "gpu_memory_reserved_gb": 16.09765625
  },
  "reference_free_metrics": {
    "distinct_1": 0.2841079460269865,
    "distinct_2": 0.7906081601231717,
    "distinct_3": 0.9537183544303798,
    "mean_repetition": 0.001485483459167669,
    "repetition_per_sample": [
      0.0,
      0.0,
      0.0,
      0.0,
      0.0,
      0.0,
      0.0,
      0.0,
      0.0,
      0.0,
      0.0,
      0.0,
      0.0,
      0.0,
      0.0,
      0.0,
      0.0,
      0.0,
      0.0,
      0.0,
      0.0,
      0.0,
      0.0,
      0.0,
      0.0,
      0.0,
      0.0,
      0.0,
      0.0,
      0.0,
      0.0,
      0.0,
      0.0,
      0.0,
      0.0,
      0.0,
      0.0,
      0.0,
      0.025000000000000022,
      0.0,
      0.0,
      0.027027027027026973,
      0.0,
      0.0,
      0.0,
      0.0,
      0.0,
      0.0,
      0.0,
      0.0,
      0.0,
      0.0,
      0.0,
      0.0,
      0.0,
      0.0,
      0.0,
      0.0,
      0.0,
      0.0,
      0.02564102564102566,
      0.0,
      0.0,
      0.0,
      0.02631578947368418,
      0.0,
      0.0,
      0.0,
      0.0,
      0.0
    ],
    "mean_length": 38.114285714285714,
    "std_length": 3.4950694133424065,
    "min_length": 28,
    "max_length": 45,
    "mean_perplexity": 22.89957987501214,
    "std_perplexity": 8.004320689790555,
    "perplexities": [
      12.403481975907034,
      35.26651470496847,
      25.119369701932833,
      43.33955023744451,
      17.719339624570985,
      15.44363834156671,
      18.650870673289898,
      16.071218335387005,
      20.53737915429634,
      25.33351903015684,
      18.89186098389213,
      34.27499908424367,
      20.31477080925842,
      42.74115353327796,
      21.7908630345467,
      13.696754264571505,
      23.463897898860754,
      20.91058119547784,
      27.501097475992314,
      24.008007090766085,
      31.346868513424855,
      19.54544601929451,
      32.66704425655575,
      20.371041944897605,
      25.481384838457142,
      25.667764883842754,
      24.52630296068754,
      15.01848360676628,
      28.39091887006963,
      24.51841591611537,
      27.307400741855638,
      15.486804318226364,
      31.444611844410346,
      19.860338614697106,
      17.26117020790847,
      26.82658638274148,
      15.996578704292272,
      19.197866926089805,
      18.989148480648495,
      13.300564304555534,
      33.10483443020251,
      38.723991041382774,
      19.715197025626257,
      34.8892867924106,
      35.114319449033076,
      12.759588225512738,
      20.795262351668317,
      14.109881696682557,
      11.598024143290637,
      18.313872181516004,
      31.233288067448292,
      44.50605332998847,
      20.414600832703325,
      29.57857821115359,
      12.926302422867172,
      17.038832352128686,
      30.90182426548954,
      20.949828711567225,
      16.156198920657275,
      14.217407667115571,
      11.33181719916279,
      16.63876399018552,
      26.464810999161557,
      17.71700356383781,
      26.98632580441442,
      27.831037307483605,
      20.570383524288527,
      16.26479401207186,
      17.502025348433012,
      13.93284789742104
    ]
  },
  "performance_metrics": {
    "mean_inference_time": 2.4671811614717756,
    "median_inference_time": 2.456074595451355,
    "std_inference_time": 0.04346323473408087,
    "mean_tokens_per_second": 20.27223322816251,
    "total_generation_time": 172.7026813030243
  },
  "emotion_metrics": {
    "overall_appropriateness": 0.28348100907029466,
    "keyword_score": 0.27301587301587305,
    "length_score": 0.30789965986394563,
    "per_emotion": {
      "anger": {
        "count": 3,
        "appropriateness": 0.1657142857142857,
        "keyword_score": 0.0,
        "length_score": 0.5523809523809523
      },
      "neutral": {
        "count": 30,
        "appropriateness": 0.4446666666666667,
        "keyword_score": 0.5,
        "length_score": 0.31555555555555553
      },
      "surprise": {
        "count": 4,
        "appropriateness": 0.4525,
        "keyword_score": 0.5,
        "length_score": 0.3416666666666667
      },
      "sadness": {
        "count": 6,
        "appropriateness": 0.283125,
        "keyword_score": 0.0,
        "length_score": 0.94375
      },
      "joy": {
        "count": 27,
        "appropriateness": 0.09251028806584359,
        "keyword_score": 0.07818930041152264,
        "length_score": 0.1259259259259259
      }
    }
  },
  "character_metrics": {
    "overall_consistency": 0.022857142857142854,
    "name_bleeding_rate": 0.0,
    "per_character": {
      "Yuri": {
        "count": 15,
        "consistency": 0.0,
        "name_bleeding": 0.0
      },
      "Sayori": {
        "count": 18,
        "consistency": 0.06666666666666667,
        "name_bleeding": 0.0
      },
      "Monika": {
        "count": 19,
        "consistency": 0.0,
        "name_bleeding": 0.0
      },
      "Natsuki": {
        "count": 18,
        "consistency": 0.022222222222222223,
        "name_bleeding": 0.0
      }
    }
  }
}