{
  "num_samples": 10,
  "dialogue_quality": {
    "distinct_1": 0.45454545454545453,
    "distinct_2": 0.8778359511343804,
    "distinct_3": 0.9715808170515098,
    "mean_repetition": 0.01564442665405166,
    "std_repetition": 0.03020133501982612,
    "repetition_ratios": [
      0.0,
      0.0,
      0.09836065573770492,
      0.0,
      0.0,
      0.0392156862745098,
      0.0,
      0.018867924528301886,
      0.0,
      0.0
    ],
    "mean_length": 58.3,
    "std_length": 5.916924876994806,
    "min_length": 46,
    "max_length": 67,
    "median_length": 60.0,
    "perplexity": {
      "mean_perplexity": 4.227835525651977,
      "std_perplexity": 0.6316108856147824,
      "perplexities": [
        3.4625323769247043,
        4.219379027338048,
        3.671656226035315,
        5.123074413486065,
        5.201809188482777,
        3.5870821514462095,
        4.8009224607172944,
        3.8469472291499454,
        3.7050006793775148,
        4.659951503561902
      ]
    }
  }
}