{
  "num_samples": 10,
  "dialogue_quality": {
    "distinct_1": 0.472809667673716,
    "distinct_2": 0.8588957055214724,
    "distinct_3": 0.9548286604361371,
    "mean_repetition": 0.03294843213635067,
    "std_repetition": 0.04066590686040804,
    "repetition_ratios": [
      0.09259259259259259,
      0.015873015873015872,
      0.1267605633802817,
      0.0,
      0.016129032258064516,
      0.03333333333333333,
      0.0,
      0.014492753623188406,
      0.0,
      0.030303030303030304
    ],
    "mean_length": 66.2,
    "std_length": 5.249761899362675,
    "min_length": 56,
    "max_length": 73,
    "median_length": 66.5,
    "perplexity": {
      "mean_perplexity": 4.412181157614691,
      "std_perplexity": 0.8590338493022565,
      "perplexities": [
        4.4350067282614445,
        4.162227157317067,
        3.818083598634376,
        3.495655778175616,
        3.612557894687407,
        3.7711385620271085,
        6.170737603278785,
        5.452759505770651,
        5.2444101997752,
        3.959234548219259
      ]
    }
  }
}