{
  "num_samples": 10,
  "dialogue_quality": {
    "distinct_1": 0.428341384863124,
    "distinct_2": 0.8281505728314239,
    "distinct_3": 0.9417637271214643,
    "mean_repetition": 0.03941964253605208,
    "std_repetition": 0.039058919128800454,
    "repetition_ratios": [
      0.0,
      0.0,
      0.014492753623188406,
      0.0,
      0.07692307692307693,
      0.08064516129032258,
      0.014492753623188406,
      0.03225806451612903,
      0.06,
      0.11538461538461539
    ],
    "mean_length": 62.1,
    "std_length": 13.494072772888103,
    "min_length": 29,
    "max_length": 80,
    "median_length": 65.5,
    "perplexity": {
      "mean_perplexity": 4.519033792116334,
      "std_perplexity": 0.9770039120272918,
      "perplexities": [
        4.719054975373593,
        6.85100640019006,
        4.984744416443417,
        5.219475496994318,
        3.368408392683761,
        4.22533509809954,
        3.9738540748670417,
        4.4109531727677975,
        4.142874282971265,
        3.2946316107725426
      ]
    }
  }
}