{
  "num_samples": 10,
  "dialogue_quality": {
    "distinct_1": 0.4553846153846154,
    "distinct_2": 0.85625,
    "distinct_3": 0.9587301587301588,
    "mean_repetition": 0.021975267379679142,
    "std_repetition": 0.03223803486884083,
    "repetition_ratios": [
      0.10909090909090909,
      0.0,
      0.03125,
      0.0,
      0.014285714285714285,
      0.0,
      0.0,
      0.029411764705882353,
      0.03571428571428571,
      0.0
    ],
    "mean_length": 65.0,
    "std_length": 6.826419266350405,
    "min_length": 57,
    "max_length": 78,
    "median_length": 64.5,
    "perplexity": {
      "mean_perplexity": 4.124393248010565,
      "std_perplexity": 0.6840952821694453,
      "perplexities": [
        3.7267582876733933,
        3.5248159067923606,
        4.635210029869916,
        3.8117708715565333,
        3.5760338460730376,
        4.607314873131824,
        4.217029716187086,
        3.745072618669408,
        5.807810632588346,
        3.592115697563756
      ]
    }
  }
}