{
  "num_samples": 10,
  "dialogue_quality": {
    "distinct_1": 0.42729970326409494,
    "distinct_2": 0.8433734939759037,
    "distinct_3": 0.9434250764525994,
    "mean_repetition": 0.03940324678997681,
    "std_repetition": 0.05689175248295617,
    "repetition_ratios": [
      0.016666666666666666,
      0.028169014084507043,
      0.16666666666666666,
      0.13253012048192772,
      0.0,
      0.0,
      0.014285714285714285,
      0.0,
      0.03571428571428571,
      0.0
    ],
    "mean_length": 67.4,
    "std_length": 8.811356308764276,
    "min_length": 53,
    "max_length": 85,
    "median_length": 69.5,
    "perplexity": {
      "mean_perplexity": 4.50131207810922,
      "std_perplexity": 0.4572937781015665,
      "perplexities": [
        4.570835982196968,
        4.626722199221623,
        3.482498251743319,
        4.392543073288918,
        4.309570290916422,
        5.148275180703543,
        5.129305692088159,
        4.750742172937947,
        4.181134090882123,
        4.421493847113166
      ]
    }
  }
}