{
  "num_samples": 10,
  "dialogue_quality": {
    "distinct_1": 0.44084278768233387,
    "distinct_2": 0.8517298187808896,
    "distinct_3": 0.9581239530988275,
    "mean_repetition": 0.03548963129738102,
    "std_repetition": 0.03611519169592553,
    "repetition_ratios": [
      0.08888888888888889,
      0.09859154929577464,
      0.0,
      0.045454545454545456,
      0.0,
      0.06451612903225806,
      0.02040816326530612,
      0.0,
      0.037037037037037035,
      0.0
    ],
    "mean_length": 61.7,
    "std_length": 7.82368199762746,
    "min_length": 47,
    "max_length": 73,
    "median_length": 64.5,
    "perplexity": {
      "mean_perplexity": 4.147331750461209,
      "std_perplexity": 0.6995509876903241,
      "perplexities": [
        3.115336465659342,
        2.7966742370010347,
        4.637257164384337,
        5.010609095590066,
        4.099648785876372,
        4.143706535988273,
        4.537642756049157,
        3.962973430648823,
        4.111505537698943,
        5.05796349571574
      ]
    }
  }
}